<?xml version="1.0" encoding="utf-8" standalone="yes"?>
<rss version="2.0" xmlns:atom="http://www.w3.org/2005/Atom">
  <channel>
    <title>My New Hugo Site</title>
    <link>https://example.org/</link>
    <description>Recent content on My New Hugo Site</description>
    <generator>Hugo -- gohugo.io</generator>
    <language>en-us</language>
    <lastBuildDate>Thu, 19 Sep 2024 14:05:58 -0400</lastBuildDate><atom:link href="https://example.org/index.xml" rel="self" type="application/rss+xml" />
    <item>
      <title>Hello World</title>
      <link>https://example.org/posts/hello-world/</link>
      <pubDate>Thu, 19 Sep 2024 14:05:58 -0400</pubDate>
      
      <guid>https://example.org/posts/hello-world/</guid>
      <description>&lt;p&gt;** NACK DADDYY ! ! ! ! !  ! !&lt;/p&gt;</description>
      <content>&lt;p&gt;** NACK DADDYY ! ! ! ! !  ! !&lt;/p&gt;
</content>
    </item>
    
  </channel>
</rss>
